family name,given name,email
Ramírez Pérez,Santiago,sramirezperez@example.com
González Herrera,Valentina,vgonzalezherrera@example.com
Herrera López,Mateo,mateoherreralopez@example.com
Torres García,Isabella,isabellatorresgarcia@example.com
Ramos Silva,Leonardo,leonardoramossilva@example.com
Sánchez Vargas,Camila,camilasanchezvargas@example.com
Vargas Castro,Sebastián,sebastianvargascastro@example.com
Castro Ramírez,Victoria,victoriacastroramirez@example.com
Mendoza Morales,Samuel,samuelmendozamorales@example.com
Rojas Martínez,Lucía,luciarojasmartinez@example.com
Delgado Flores,Benjamín,benjamindelgadoflores@example.com
Paredes Sánchez,Martina,martinaparedessanchez@example.com
Ortega González,Emiliano,emilianoortegagonzalez@example.com
Navarro Romero,Sofía,sofianavarroromero@example.com
Ríos Rodríguez,Matías,matiasriosrodriguez@example.com
Espinoza Mendoza,Amelia,ameliaespinozamendoza@example.com
Méndez Ruiz,Alejandro,alejandromendezruiz@example.com
Guzmán Peña,Olivia,oliviaguzmanpena@example.com
Núñez Castro,Francisco,francisconunezcastro@example.com
Valenzuela Torres,Emma,emmavalenzuelatorres@example.com
Castro Herrera,Andrés,andrescastroherrera@example.com
Martínez Gómez,Ana,anamartinezgomez@example.com
Romero Rojas,Nicolás,nicolasromerorojas@example.com
Flores Torres,Valeria,valeriaflorestorres@example.com
Miranda López,Gabriel,gabrielmirandalopez@example.com
Acosta Soto,Antonella,antonellaacostasoto@example.com
Peralta Vega,Joaquín,joaquinperaltavega@example.com
Silva Ríos,Isidora,isidorasilvarios@example.com
Medina Castro,Maximiliano,maximilianomedinacastro@example.com
Campos Mendoza,Catalina,catalinacamposmendoza@example.com
Álvarez Torres,Tomás,tomasalvareztorres@example.com
Lagos Ruiz,Josefina,josefinalagosruiz@example.com
Cruz López,Ignacio,ignaciocruzlopez@example.com
Rojas Vargas,Emilia,emiliarojasvargas@example.com
López Herrera,Daniel,daniellopezherrera@example.com
Bravo García,Renata,renatabravogarcia@example.com
Pablo Paredes Ramírez,Juan,juanpabloparedesramirez@example.com
Leiva González,Isidora,isidoraleivagonzalez@example.com
Miranda Rojas,Carlos,carlosmirandarojas@example.com
Salazar Peña,Fernanda,fernandasalazarpena@example.com